{
  "color": {
    "precision": 0.5656565656565656,
    "recall": 1.0,
    "f1-score": 0.7225806451612903,
    "support": 56,
    "confused_with": {}
  },
  "body_type": {
    "precision": 1.0,
    "recall": 1.0,
    "f1-score": 1.0,
    "support": 21,
    "confused_with": {}
  },
  "occasion": {
    "precision": 1.0,
    "recall": 1.0,
    "f1-score": 1.0,
    "support": 16,
    "confused_with": {}
  },
  "style_preference": {
    "precision": 1.0,
    "recall": 1.0,
    "f1-score": 1.0,
    "support": 14,
    "confused_with": {}
  },
  "clothing_category": {
    "precision": 0.4943820224719101,
    "recall": 0.8461538461538461,
    "f1-score": 0.624113475177305,
    "support": 52,
    "confused_with": {}
  },
  "gender": {
    "precision": 0.75,
    "recall": 1.0,
    "f1-score": 0.8571428571428571,
    "support": 12,
    "confused_with": {}
  },
  "season": {
    "precision": 0.9333333333333333,
    "recall": 1.0,
    "f1-score": 0.9655172413793104,
    "support": 14,
    "confused_with": {}
  },
  "budget": {
    "precision": 1.0,
    "recall": 1.0,
    "f1-score": 1.0,
    "support": 12,
    "confused_with": {}
  },
  "micro avg": {
    "precision": 0.6702127659574468,
    "recall": 0.9593908629441624,
    "f1-score": 0.789144050104384,
    "support": 197
  },
  "macro avg": {
    "precision": 0.8429214901827261,
    "recall": 0.9807692307692308,
    "f1-score": 0.8961692773575953,
    "support": 197
  },
  "weighted avg": {
    "precision": 0.7231030432079882,
    "recall": 0.9593908629441624,
    "f1-score": 0.8107683883415064,
    "support": 197
  },
  "accuracy": 0.9664451827242525
}