{
  "body_type": {
    "precision": 1.0,
    "recall": 1.0,
    "f1-score": 1.0,
    "support": 21,
    "confused_with": {}
  },
  "budget": {
    "precision": 1.0,
    "recall": 1.0,
    "f1-score": 1.0,
    "support": 12,
    "confused_with": {}
  },
  "clothing_category": {
    "precision": 0.5058823529411764,
    "recall": 0.8269230769230769,
    "f1-score": 0.6277372262773723,
    "support": 52,
    "confused_with": {}
  },
  "season": {
    "precision": 1.0,
    "recall": 1.0,
    "f1-score": 1.0,
    "support": 14,
    "confused_with": {}
  },
  "style_preference": {
    "precision": 1.0,
    "recall": 1.0,
    "f1-score": 1.0,
    "support": 14,
    "confused_with": {}
  },
  "gender": {
    "precision": 1.0,
    "recall": 1.0,
    "f1-score": 1.0,
    "support": 12,
    "confused_with": {}
  },
  "color": {
    "precision": 0.5773195876288659,
    "recall": 1.0,
    "f1-score": 0.7320261437908496,
    "support": 56,
    "confused_with": {}
  },
  "occasion": {
    "precision": 1.0,
    "recall": 1.0,
    "f1-score": 1.0,
    "support": 16,
    "confused_with": {}
  },
  "micro avg": {
    "precision": 0.6937269372693727,
    "recall": 0.9543147208121827,
    "f1-score": 0.8034188034188035,
    "support": 197
  },
  "macro avg": {
    "precision": 0.8854002425712553,
    "recall": 0.9783653846153846,
    "f1-score": 0.9199704212585278,
    "support": 197
  },
  "weighted avg": {
    "precision": 0.7494201992901405,
    "recall": 0.9543147208121827,
    "f1-score": 0.8255624356279744,
    "support": 197
  },
  "accuracy": 0.9594713656387666
}